{"hidden_layer": [[-6.213506619666152, 7.976320844717428, -6.87804871302164, 0.6828465434426269], [-6.229076372965145, 7.97642060766989, -6.8776370644813545, 0.6827430036895247], [-3.99814122122904, 4.938193200880093, 10.265203981084985, -2.0035928103901144], [-0.7587812664621457, -11.87810772270277, -5.549770721586023, -1.886906999513884]], "input_layer": [[-30.962137548677372], [-12.456520654245613], [13.404568806851296], [21.108187041538166]]}