{"hidden_layer": [[-0.5823278943477637, -1.1914457623835246, 4.198637221802456], [-1.7866080344337913, -0.8616500432377672, -1.962061882197878], [-0.24904388708520925, 4.737681898096402, 0.5563259151280635]], "input_layer": [[-7.739083158413246], [1.555203201267902], [1.889537978483525]]}